contract,type,target,corr
ag2508.SF,top,au2508.SF,0.58
ag2508.SF,top,cu2507.SF,0.56
ag2508.SF,top,y2601.DF,0.43
ag2508.SF,top,sn2507.SF,0.4
ag2508.SF,top,p2601.DF,0.38
ag2508.SF,top,al2507.SF,0.37
ag2508.SF,top,ss2508.SF,0.36
ag2508.SF,top,l2601.DF,0.35
ag2508.SF,top,ni2507.SF,0.34
ag2508.SF,top,pb2507.SF,0.33
ag2508.SF,bottom,RM509.ZF,0.0
ag2508.SF,bottom,JR507.ZF,0.0
ag2508.SF,bottom,SF509.ZF,0.0
ag2508.SF,bottom,WH507.ZF,0.0
ag2508.SF,bottom,ZC507.ZF,0.0
ag2508.SF,bottom,jd2508.DF,-0.01
ag2508.SF,bottom,c2509.DF,-0.05
ag2508.SF,bottom,fb2510.DF,-0.05
ag2508.SF,bottom,ps2507.GF,-0.06
ag2508.SF,bottom,wr2510.SF,-0.14
al2507.SF,top,l2601.DF,0.67
al2507.SF,top,cu2507.SF,0.65
al2507.SF,top,zn2507.SF,0.62
al2507.SF,top,CF509.ZF,0.54
al2507.SF,top,pp2509.DF,0.51
al2507.SF,top,TA509.ZF,0.5
al2507.SF,top,i2601.DF,0.5
al2507.SF,top,ss2508.SF,0.49
al2507.SF,top,p2601.DF,0.49
al2507.SF,top,v2601.DF,0.49
al2507.SF,bottom,jd2508.DF,0.02
al2507.SF,bottom,JR507.ZF,0.0
al2507.SF,bottom,PM507.ZF,0.0
al2507.SF,bottom,RI507.ZF,0.0
al2507.SF,bottom,ZC507.ZF,0.0
al2507.SF,bottom,LR507.ZF,0.0
al2507.SF,bottom,WH507.ZF,0.0
al2507.SF,bottom,a2507.DF,-0.01
al2507.SF,bottom,wr2510.SF,-0.07
al2507.SF,bottom,fb2510.DF,-0.25
ao2509.SF,top,v2601.DF,0.49
ao2509.SF,top,ps2507.GF,0.38
ao2509.SF,top,j2601.DF,0.36
ao2509.SF,top,l2601.DF,0.33
ao2509.SF,top,al2507.SF,0.31
ao2509.SF,top,i2601.DF,0.28
ao2509.SF,top,pp2509.DF,0.28
ao2509.SF,top,hc2510.SF,0.28
ao2509.SF,top,FG509.ZF,0.27
ao2509.SF,top,rb2510.SF,0.25
ao2509.SF,bottom,JR507.ZF,0.0
ao2509.SF,bottom,RI507.ZF,0.0
ao2509.SF,bottom,WH507.ZF,0.0
ao2509.SF,bottom,a2507.DF,-0.01
ao2509.SF,bottom,fb2510.DF,-0.03
ao2509.SF,bottom,au2508.SF,-0.04
ao2509.SF,bottom,SR509.ZF,-0.06
ao2509.SF,bottom,b2507.DF,-0.07
ao2509.SF,bottom,m2601.DF,-0.08
ao2509.SF,bottom,RM509.ZF,-0.08
au2508.SF,top,ag2508.SF,0.58
au2508.SF,top,cu2507.SF,0.31
au2508.SF,top,sn2507.SF,0.22
au2508.SF,top,y2601.DF,0.22
au2508.SF,top,bu2509.SF,0.19
au2508.SF,top,a2507.DF,0.18
au2508.SF,top,pb2507.SF,0.15
au2508.SF,top,pg2507.DF,0.13
au2508.SF,top,m2601.DF,0.12
au2508.SF,top,zn2507.SF,0.12
au2508.SF,bottom,rb2510.SF,-0.12
au2508.SF,bottom,hc2510.SF,-0.13
au2508.SF,bottom,CJ509.ZF,-0.13
au2508.SF,bottom,jm2509.DF,-0.16
au2508.SF,bottom,SM509.ZF,-0.17
au2508.SF,bottom,SA509.ZF,-0.17
au2508.SF,bottom,SF509.ZF,-0.18
au2508.SF,bottom,j2601.DF,-0.19
au2508.SF,bottom,v2601.DF,-0.22
au2508.SF,bottom,ps2507.GF,-0.31
br2507.SF,top,l2601.DF,0.66
br2507.SF,top,ru2509.SF,0.62
br2507.SF,top,PR509.ZF,0.58
br2507.SF,top,eg2509.DF,0.52
br2507.SF,top,PX509.ZF,0.52
br2507.SF,top,TA509.ZF,0.52
br2507.SF,top,eb2507.DF,0.49
br2507.SF,top,ps2507.GF,0.46
br2507.SF,top,PF507.ZF,0.45
br2507.SF,top,i2601.DF,0.44
br2507.SF,bottom,JR507.ZF,0.0
br2507.SF,bottom,LR507.ZF,0.0
br2507.SF,bottom,RI507.ZF,0.0
br2507.SF,bottom,a2507.DF,-0.01
br2507.SF,bottom,RS507.ZF,-0.01
br2507.SF,bottom,jd2508.DF,-0.02
br2507.SF,bottom,lh2509.DF,-0.05
br2507.SF,bottom,m2601.DF,-0.05
br2507.SF,bottom,au2508.SF,-0.09
br2507.SF,bottom,fb2510.DF,-0.22
bu2509.SF,top,fu2509.SF,0.8
bu2509.SF,top,TA509.ZF,0.67
bu2509.SF,top,l2601.DF,0.66
bu2509.SF,top,sc2507.INE,0.65
bu2509.SF,top,PR509.ZF,0.62
bu2509.SF,top,PX509.ZF,0.62
bu2509.SF,top,p2601.DF,0.59
bu2509.SF,top,pp2509.DF,0.59
bu2509.SF,top,MA509.ZF,0.55
bu2509.SF,top,eg2509.DF,0.53
bu2509.SF,bottom,JR507.ZF,0.0
bu2509.SF,bottom,rr2508.DF,-0.0
bu2509.SF,bottom,RI507.ZF,0.0
bu2509.SF,bottom,WH507.ZF,0.0
bu2509.SF,bottom,ZC507.ZF,0.0
bu2509.SF,bottom,LR507.ZF,0.0
bu2509.SF,bottom,ps2507.GF,-0.0
bu2509.SF,bottom,m2601.DF,-0.06
bu2509.SF,bottom,fb2510.DF,-0.09
bu2509.SF,bottom,wr2510.SF,-0.1
cu2507.SF,top,l2601.DF,0.68
cu2507.SF,top,zn2507.SF,0.65
cu2507.SF,top,al2507.SF,0.65
cu2507.SF,top,ss2508.SF,0.57
cu2507.SF,top,ag2508.SF,0.56
cu2507.SF,top,eg2509.DF,0.56
cu2507.SF,top,ru2509.SF,0.55
cu2507.SF,top,CF509.ZF,0.54
cu2507.SF,top,ni2507.SF,0.53
cu2507.SF,top,PR509.ZF,0.51
cu2507.SF,bottom,JR507.ZF,0.0
cu2507.SF,bottom,LR507.ZF,0.0
cu2507.SF,bottom,ZC507.ZF,0.0
cu2507.SF,bottom,RI507.ZF,0.0
cu2507.SF,bottom,WH507.ZF,0.0
cu2507.SF,bottom,a2507.DF,-0.01
cu2507.SF,bottom,m2601.DF,-0.07
cu2507.SF,bottom,jd2508.DF,-0.09
cu2507.SF,bottom,wr2510.SF,-0.13
cu2507.SF,bottom,fb2510.DF,-0.17
fu2509.SF,top,sc2507.INE,0.81
fu2509.SF,top,bu2509.SF,0.8
fu2509.SF,top,TA509.ZF,0.67
fu2509.SF,top,l2601.DF,0.67
fu2509.SF,top,PX509.ZF,0.63
fu2509.SF,top,p2601.DF,0.62
fu2509.SF,top,PR509.ZF,0.62
fu2509.SF,top,pp2509.DF,0.62
fu2509.SF,top,pg2507.DF,0.61
fu2509.SF,top,MA509.ZF,0.53
fu2509.SF,bottom,JR507.ZF,0.0
fu2509.SF,bottom,LR507.ZF,0.0
fu2509.SF,bottom,WH507.ZF,0.0
fu2509.SF,bottom,c2509.DF,-0.02
fu2509.SF,bottom,m2601.DF,-0.03
fu2509.SF,bottom,a2507.DF,-0.04
fu2509.SF,bottom,wr2510.SF,-0.04
fu2509.SF,bottom,cs2507.DF,-0.04
fu2509.SF,bottom,fb2510.DF,-0.07
fu2509.SF,bottom,SA509.ZF,-0.07
hc2510.SF,top,rb2510.SF,0.97
hc2510.SF,top,i2601.DF,0.78
hc2510.SF,top,j2601.DF,0.71
hc2510.SF,top,jm2509.DF,0.7
hc2510.SF,top,SA509.ZF,0.63
hc2510.SF,top,FG509.ZF,0.62
hc2510.SF,top,l2601.DF,0.62
hc2510.SF,top,v2601.DF,0.59
hc2510.SF,top,pp2509.DF,0.59
hc2510.SF,top,SM509.ZF,0.54
hc2510.SF,bottom,JR507.ZF,0.0
hc2510.SF,bottom,lh2509.DF,0.0
hc2510.SF,bottom,WH507.ZF,0.0
hc2510.SF,bottom,RI507.ZF,0.0
hc2510.SF,bottom,LR507.ZF,0.0
hc2510.SF,bottom,rr2508.DF,-0.01
hc2510.SF,bottom,RS507.ZF,-0.01
hc2510.SF,bottom,au2508.SF,-0.13
hc2510.SF,bottom,m2601.DF,-0.14
hc2510.SF,bottom,fb2510.DF,-0.18
ni2507.SF,top,ss2508.SF,0.68
ni2507.SF,top,cu2507.SF,0.53
ni2507.SF,top,l2601.DF,0.51
ni2507.SF,top,MA509.ZF,0.47
ni2507.SF,top,al2507.SF,0.44
ni2507.SF,top,pp2509.DF,0.44
ni2507.SF,top,zn2507.SF,0.43
ni2507.SF,top,rb2510.SF,0.42
ni2507.SF,top,eg2509.DF,0.42
ni2507.SF,top,i2601.DF,0.42
ni2507.SF,bottom,JR507.ZF,0.0
ni2507.SF,bottom,LR507.ZF,0.0
ni2507.SF,bottom,ZC507.ZF,0.0
ni2507.SF,bottom,RI507.ZF,0.0
ni2507.SF,bottom,WH507.ZF,0.0
ni2507.SF,bottom,jd2508.DF,-0.01
ni2507.SF,bottom,wr2510.SF,-0.05
ni2507.SF,bottom,m2601.DF,-0.09
ni2507.SF,bottom,bb2511.DF,-0.13
ni2507.SF,bottom,fb2510.DF,-0.17
pb2507.SF,top,cu2507.SF,0.5
pb2507.SF,top,l2601.DF,0.49
pb2507.SF,top,zn2507.SF,0.48
pb2507.SF,top,CF509.ZF,0.4
pb2507.SF,top,al2507.SF,0.39
pb2507.SF,top,p2601.DF,0.37
pb2507.SF,top,eg2509.DF,0.37
pb2507.SF,top,MA509.ZF,0.37
pb2507.SF,top,CY509.ZF,0.36
pb2507.SF,top,TA509.ZF,0.36
pb2507.SF,bottom,JR507.ZF,0.0
pb2507.SF,bottom,bb2511.DF,0.0
pb2507.SF,bottom,PM507.ZF,0.0
pb2507.SF,bottom,RI507.ZF,0.0
pb2507.SF,bottom,ZC507.ZF,0.0
pb2507.SF,bottom,LR507.ZF,0.0
pb2507.SF,bottom,WH507.ZF,0.0
pb2507.SF,bottom,c2509.DF,-0.02
pb2507.SF,bottom,wr2510.SF,-0.1
pb2507.SF,bottom,fb2510.DF,-0.15
rb2510.SF,top,hc2510.SF,0.97
rb2510.SF,top,i2601.DF,0.78
rb2510.SF,top,j2601.DF,0.72
rb2510.SF,top,jm2509.DF,0.69
rb2510.SF,top,FG509.ZF,0.64
rb2510.SF,top,SA509.ZF,0.62
rb2510.SF,top,l2601.DF,0.62
rb2510.SF,top,v2601.DF,0.6
rb2510.SF,top,pp2509.DF,0.58
rb2510.SF,top,SM509.ZF,0.53
rb2510.SF,bottom,bb2511.DF,-0.0
rb2510.SF,bottom,PM507.ZF,0.0
rb2510.SF,bottom,WH507.ZF,0.0
rb2510.SF,bottom,RI507.ZF,0.0
rb2510.SF,bottom,JR507.ZF,0.0
rb2510.SF,bottom,LR507.ZF,0.0
rb2510.SF,bottom,RS507.ZF,-0.01
rb2510.SF,bottom,m2601.DF,-0.09
rb2510.SF,bottom,au2508.SF,-0.12
rb2510.SF,bottom,fb2510.DF,-0.2
ru2509.SF,top,br2507.SF,0.62
ru2509.SF,top,l2601.DF,0.62
ru2509.SF,top,eg2509.DF,0.58
ru2509.SF,top,jm2509.DF,0.55
ru2509.SF,top,cu2507.SF,0.55
ru2509.SF,top,i2601.DF,0.55
ru2509.SF,top,SA509.ZF,0.52
ru2509.SF,top,CF509.ZF,0.5
ru2509.SF,top,zn2507.SF,0.5
ru2509.SF,top,PF507.ZF,0.5
ru2509.SF,bottom,JR507.ZF,0.0
ru2509.SF,bottom,LR507.ZF,0.0
ru2509.SF,bottom,WH507.ZF,0.0
ru2509.SF,bottom,bb2511.DF,-0.04
ru2509.SF,bottom,lh2509.DF,-0.05
ru2509.SF,bottom,jd2508.DF,-0.06
ru2509.SF,bottom,wr2510.SF,-0.06
ru2509.SF,bottom,au2508.SF,-0.09
ru2509.SF,bottom,m2601.DF,-0.14
ru2509.SF,bottom,fb2510.DF,-0.19
sn2507.SF,top,l2601.DF,0.55
sn2507.SF,top,cu2507.SF,0.44
sn2507.SF,top,p2601.DF,0.44
sn2507.SF,top,i2601.DF,0.42
sn2507.SF,top,ag2508.SF,0.4
sn2507.SF,top,y2601.DF,0.4
sn2507.SF,top,fu2509.SF,0.38
sn2507.SF,top,PX509.ZF,0.38
sn2507.SF,top,pg2507.DF,0.37
sn2507.SF,top,ss2508.SF,0.37
sn2507.SF,bottom,RS507.ZF,-0.02
sn2507.SF,bottom,jd2508.DF,-0.03
sn2507.SF,bottom,cs2507.DF,-0.03
sn2507.SF,bottom,SA509.ZF,-0.03
sn2507.SF,bottom,UR509.ZF,-0.03
sn2507.SF,bottom,RM509.ZF,-0.04
sn2507.SF,bottom,fb2510.DF,-0.06
sn2507.SF,bottom,c2509.DF,-0.06
sn2507.SF,bottom,a2507.DF,-0.08
sn2507.SF,bottom,bb2511.DF,-0.09
sp2507.SF,top,l2601.DF,0.56
sp2507.SF,top,eb2507.DF,0.45
sp2507.SF,top,eg2509.DF,0.44
sp2507.SF,top,CF509.ZF,0.44
sp2507.SF,top,TA509.ZF,0.44
sp2507.SF,top,MA509.ZF,0.43
sp2507.SF,top,PR509.ZF,0.43
sp2507.SF,top,p2601.DF,0.42
sp2507.SF,top,PF507.ZF,0.41
sp2507.SF,top,PX509.ZF,0.4
sp2507.SF,bottom,rr2508.DF,0.07
sp2507.SF,bottom,PM507.ZF,0.0
sp2507.SF,bottom,ZC507.ZF,0.0
sp2507.SF,bottom,RI507.ZF,0.0
sp2507.SF,bottom,JR507.ZF,0.0
sp2507.SF,bottom,LR507.ZF,0.0
sp2507.SF,bottom,WH507.ZF,0.0
sp2507.SF,bottom,au2508.SF,-0.01
sp2507.SF,bottom,wr2510.SF,-0.03
sp2507.SF,bottom,fb2510.DF,-0.14
ss2508.SF,top,ni2507.SF,0.68
ss2508.SF,top,l2601.DF,0.61
ss2508.SF,top,cu2507.SF,0.57
ss2508.SF,top,hc2510.SF,0.52
ss2508.SF,top,PR509.ZF,0.52
ss2508.SF,top,rb2510.SF,0.51
ss2508.SF,top,eg2509.DF,0.51
ss2508.SF,top,al2507.SF,0.49
ss2508.SF,top,i2601.DF,0.49
ss2508.SF,top,MA509.ZF,0.47
ss2508.SF,bottom,JR507.ZF,0.0
ss2508.SF,bottom,LR507.ZF,0.0
ss2508.SF,bottom,PM507.ZF,0.0
ss2508.SF,bottom,RI507.ZF,0.0
ss2508.SF,bottom,ZC507.ZF,0.0
ss2508.SF,bottom,WH507.ZF,0.0
ss2508.SF,bottom,lh2509.DF,-0.02
ss2508.SF,bottom,wr2510.SF,-0.02
ss2508.SF,bottom,m2601.DF,-0.1
ss2508.SF,bottom,fb2510.DF,-0.15
wr2510.SF,top,j2601.DF,0.21
wr2510.SF,top,ps2507.GF,0.21
wr2510.SF,top,SF509.ZF,0.21
wr2510.SF,top,jd2508.DF,0.18
wr2510.SF,top,m2601.DF,0.16
wr2510.SF,top,lg2507.DF,0.14
wr2510.SF,top,OI509.ZF,0.14
wr2510.SF,top,jm2509.DF,0.14
wr2510.SF,top,si2507.GF,0.13
wr2510.SF,top,cs2507.DF,0.13
wr2510.SF,bottom,PR509.ZF,-0.07
wr2510.SF,bottom,FG509.ZF,-0.08
wr2510.SF,bottom,bu2509.SF,-0.1
wr2510.SF,bottom,pb2507.SF,-0.1
wr2510.SF,bottom,PX509.ZF,-0.11
wr2510.SF,bottom,PF507.ZF,-0.11
wr2510.SF,bottom,SR509.ZF,-0.12
wr2510.SF,bottom,zn2507.SF,-0.12
wr2510.SF,bottom,cu2507.SF,-0.13
wr2510.SF,bottom,ag2508.SF,-0.14
zn2507.SF,top,cu2507.SF,0.65
zn2507.SF,top,al2507.SF,0.62
zn2507.SF,top,l2601.DF,0.6
zn2507.SF,top,i2601.DF,0.55
zn2507.SF,top,pp2509.DF,0.54
zn2507.SF,top,eg2509.DF,0.52
zn2507.SF,top,ru2509.SF,0.5
zn2507.SF,top,j2601.DF,0.5
zn2507.SF,top,rb2510.SF,0.49
zn2507.SF,top,hc2510.SF,0.49
zn2507.SF,bottom,JR507.ZF,0.0
zn2507.SF,bottom,jd2508.DF,0.0
zn2507.SF,bottom,PM507.ZF,0.0
zn2507.SF,bottom,RI507.ZF,0.0
zn2507.SF,bottom,ZC507.ZF,0.0
zn2507.SF,bottom,LR507.ZF,0.0
zn2507.SF,bottom,WH507.ZF,0.0
zn2507.SF,bottom,wr2510.SF,-0.12
zn2507.SF,bottom,bb2511.DF,-0.14
zn2507.SF,bottom,fb2510.DF,-0.19
a2507.DF,top,b2507.DF,0.55
a2507.DF,top,m2601.DF,0.51
a2507.DF,top,RM509.ZF,0.48
a2507.DF,top,c2509.DF,0.42
a2507.DF,top,cs2507.DF,0.41
a2507.DF,top,PK510.ZF,0.3
a2507.DF,top,OI509.ZF,0.27
a2507.DF,top,SA509.ZF,0.25
a2507.DF,top,y2601.DF,0.22
a2507.DF,top,AP510.ZF,0.21
a2507.DF,bottom,j2601.DF,-0.03
a2507.DF,bottom,fu2509.SF,-0.04
a2507.DF,bottom,PX509.ZF,-0.04
a2507.DF,bottom,CY509.ZF,-0.05
a2507.DF,bottom,sc2507.INE,-0.06
a2507.DF,bottom,pg2507.DF,-0.07
a2507.DF,bottom,sn2507.SF,-0.08
a2507.DF,bottom,fb2510.DF,-0.08
a2507.DF,bottom,i2601.DF,-0.08
a2507.DF,bottom,bb2511.DF,-0.1
b2507.DF,top,m2601.DF,0.87
b2507.DF,top,RM509.ZF,0.72
b2507.DF,top,a2507.DF,0.55
b2507.DF,top,OI509.ZF,0.53
b2507.DF,top,y2601.DF,0.49
b2507.DF,top,c2509.DF,0.33
b2507.DF,top,p2601.DF,0.32
b2507.DF,top,cs2507.DF,0.31
b2507.DF,top,RS507.ZF,0.28
b2507.DF,top,PK510.ZF,0.25
b2507.DF,bottom,RI507.ZF,0.0
b2507.DF,bottom,pg2507.DF,0.0
b2507.DF,bottom,ZC507.ZF,0.0
b2507.DF,bottom,PM507.ZF,0.0
b2507.DF,bottom,JR507.ZF,0.0
b2507.DF,bottom,LR507.ZF,0.0
b2507.DF,bottom,WH507.ZF,0.0
b2507.DF,bottom,UR509.ZF,-0.03
b2507.DF,bottom,ao2509.SF,-0.07
b2507.DF,bottom,i2601.DF,-0.09
bb2511.DF,top,ao2509.SF,0.2
bb2511.DF,top,p2601.DF,0.19
bb2511.DF,top,bu2509.SF,0.19
bb2511.DF,top,PF507.ZF,0.14
bb2511.DF,top,fu2509.SF,0.13
bb2511.DF,top,OI509.ZF,0.13
bb2511.DF,top,y2601.DF,0.12
bb2511.DF,top,PR509.ZF,0.12
bb2511.DF,top,si2507.GF,0.12
bb2511.DF,top,sp2507.SF,0.11
bb2511.DF,bottom,a2507.DF,-0.1
bb2511.DF,bottom,jm2509.DF,-0.1
bb2511.DF,bottom,rr2508.DF,-0.11
bb2511.DF,bottom,PK510.ZF,-0.11
bb2511.DF,bottom,CJ509.ZF,-0.12
bb2511.DF,bottom,UR509.ZF,-0.12
bb2511.DF,bottom,FG509.ZF,-0.13
bb2511.DF,bottom,ni2507.SF,-0.13
bb2511.DF,bottom,zn2507.SF,-0.14
bb2511.DF,bottom,AP510.ZF,-0.14
c2509.DF,top,cs2507.DF,0.84
c2509.DF,top,a2507.DF,0.42
c2509.DF,top,SA509.ZF,0.38
c2509.DF,top,RM509.ZF,0.36
c2509.DF,top,jm2509.DF,0.33
c2509.DF,top,b2507.DF,0.33
c2509.DF,top,SM509.ZF,0.33
c2509.DF,top,FG509.ZF,0.3
c2509.DF,top,SF509.ZF,0.29
c2509.DF,top,si2507.GF,0.28
c2509.DF,bottom,j2601.DF,0.0
c2509.DF,bottom,rr2508.DF,-0.0
c2509.DF,bottom,pb2507.SF,-0.02
c2509.DF,bottom,fu2509.SF,-0.02
c2509.DF,bottom,bb2511.DF,-0.03
c2509.DF,bottom,i2601.DF,-0.03
c2509.DF,bottom,pg2507.DF,-0.04
c2509.DF,bottom,ag2508.SF,-0.05
c2509.DF,bottom,sn2507.SF,-0.06
c2509.DF,bottom,sc2507.INE,-0.07
cs2507.DF,top,c2509.DF,0.84
cs2507.DF,top,a2507.DF,0.41
cs2507.DF,top,RM509.ZF,0.33
cs2507.DF,top,b2507.DF,0.31
cs2507.DF,top,SA509.ZF,0.3
cs2507.DF,top,jm2509.DF,0.3
cs2507.DF,top,si2507.GF,0.26
cs2507.DF,top,SF509.ZF,0.26
cs2507.DF,top,UR509.ZF,0.26
cs2507.DF,top,OI509.ZF,0.25
cs2507.DF,bottom,JR507.ZF,0.0
cs2507.DF,bottom,LR507.ZF,0.0
cs2507.DF,bottom,RI507.ZF,0.0
cs2507.DF,bottom,WH507.ZF,0.0
cs2507.DF,bottom,ZC507.ZF,0.0
cs2507.DF,bottom,sn2507.SF,-0.03
cs2507.DF,bottom,fu2509.SF,-0.04
cs2507.DF,bottom,sc2507.INE,-0.05
cs2507.DF,bottom,fb2510.DF,-0.07
cs2507.DF,bottom,bb2511.DF,-0.09
eb2507.DF,top,l2601.DF,0.76
eb2507.DF,top,PR509.ZF,0.73
eb2507.DF,top,eg2509.DF,0.7
eb2507.DF,top,PX509.ZF,0.69
eb2507.DF,top,TA509.ZF,0.68
eb2507.DF,top,pp2509.DF,0.67
eb2507.DF,top,PF507.ZF,0.62
eb2507.DF,top,MA509.ZF,0.62
eb2507.DF,top,CY509.ZF,0.55
eb2507.DF,top,fu2509.SF,0.52
eb2507.DF,bottom,JR507.ZF,0.0
eb2507.DF,bottom,m2601.DF,0.0
eb2507.DF,bottom,RM509.ZF,0.0
eb2507.DF,bottom,RI507.ZF,0.0
eb2507.DF,bottom,ZC507.ZF,0.0
eb2507.DF,bottom,LR507.ZF,0.0
eb2507.DF,bottom,WH507.ZF,0.0
eb2507.DF,bottom,a2507.DF,-0.01
eb2507.DF,bottom,wr2510.SF,-0.05
eb2507.DF,bottom,fb2510.DF,-0.29
eg2509.DF,top,l2601.DF,0.78
eg2509.DF,top,PR509.ZF,0.78
eg2509.DF,top,PF507.ZF,0.76
eg2509.DF,top,pp2509.DF,0.74
eg2509.DF,top,TA509.ZF,0.74
eg2509.DF,top,PX509.ZF,0.73
eg2509.DF,top,MA509.ZF,0.72
eg2509.DF,top,eb2507.DF,0.7
eg2509.DF,top,ru2509.SF,0.58
eg2509.DF,top,i2601.DF,0.57
eg2509.DF,bottom,JR507.ZF,0.0
eg2509.DF,bottom,a2507.DF,0.0
eg2509.DF,bottom,WH507.ZF,0.0
eg2509.DF,bottom,RI507.ZF,0.0
eg2509.DF,bottom,ZC507.ZF,0.0
eg2509.DF,bottom,LR507.ZF,0.0
eg2509.DF,bottom,au2508.SF,-0.04
eg2509.DF,bottom,m2601.DF,-0.06
eg2509.DF,bottom,wr2510.SF,-0.07
eg2509.DF,bottom,fb2510.DF,-0.12
fb2510.DF,top,bb2511.DF,0.08
fb2510.DF,top,b2507.DF,0.08
fb2510.DF,top,c2509.DF,0.06
fb2510.DF,top,m2601.DF,0.05
fb2510.DF,top,wr2510.SF,0.03
fb2510.DF,top,OI509.ZF,0.03
fb2510.DF,top,au2508.SF,0.02
fb2510.DF,top,RM509.ZF,0.01
fb2510.DF,top,ZC507.ZF,0.0
fb2510.DF,top,PM507.ZF,0.0
fb2510.DF,bottom,zn2507.SF,-0.19
fb2510.DF,bottom,rb2510.SF,-0.2
fb2510.DF,bottom,lg2507.DF,-0.21
fb2510.DF,bottom,ps2507.GF,-0.21
fb2510.DF,bottom,CF509.ZF,-0.22
fb2510.DF,bottom,br2507.SF,-0.22
fb2510.DF,bottom,SH509.ZF,-0.24
fb2510.DF,bottom,i2601.DF,-0.24
fb2510.DF,bottom,al2507.SF,-0.25
fb2510.DF,bottom,eb2507.DF,-0.29
i2601.DF,top,hc2510.SF,0.78
i2601.DF,top,rb2510.SF,0.78
i2601.DF,top,PF507.ZF,0.59
i2601.DF,top,pp2509.DF,0.58
i2601.DF,top,jm2509.DF,0.57
i2601.DF,top,eg2509.DF,0.57
i2601.DF,top,j2601.DF,0.56
i2601.DF,top,l2601.DF,0.55
i2601.DF,top,ru2509.SF,0.55
i2601.DF,top,zn2507.SF,0.55
i2601.DF,bottom,LR507.ZF,0.0
i2601.DF,bottom,jd2508.DF,-0.02
i2601.DF,bottom,c2509.DF,-0.03
i2601.DF,bottom,au2508.SF,-0.04
i2601.DF,bottom,lh2509.DF,-0.04
i2601.DF,bottom,a2507.DF,-0.08
i2601.DF,bottom,b2507.DF,-0.09
i2601.DF,bottom,RM509.ZF,-0.13
i2601.DF,bottom,m2601.DF,-0.23
i2601.DF,bottom,fb2510.DF,-0.24
j2601.DF,top,jm2509.DF,0.79
j2601.DF,top,rb2510.SF,0.72
j2601.DF,top,hc2510.SF,0.71
j2601.DF,top,SA509.ZF,0.66
j2601.DF,top,i2601.DF,0.56
j2601.DF,top,FG509.ZF,0.54
j2601.DF,top,v2601.DF,0.54
j2601.DF,top,si2507.GF,0.53
j2601.DF,top,pp2509.DF,0.51
j2601.DF,top,zn2507.SF,0.5
j2601.DF,bottom,LR507.ZF,0.0
j2601.DF,bottom,JR507.ZF,0.0
j2601.DF,bottom,RI507.ZF,0.0
j2601.DF,bottom,RS507.ZF,-0.03
j2601.DF,bottom,a2507.DF,-0.03
j2601.DF,bottom,OI509.ZF,-0.03
j2601.DF,bottom,RM509.ZF,-0.04
j2601.DF,bottom,bb2511.DF,-0.07
j2601.DF,bottom,fb2510.DF,-0.16
j2601.DF,bottom,au2508.SF,-0.19
jd2508.DF,top,b2507.DF,0.21
jd2508.DF,top,lh2509.DF,0.21
jd2508.DF,top,cs2507.DF,0.18
jd2508.DF,top,wr2510.SF,0.18
jd2508.DF,top,SF509.ZF,0.18
jd2508.DF,top,si2507.GF,0.17
jd2508.DF,top,m2601.DF,0.17
jd2508.DF,top,CJ509.ZF,0.16
jd2508.DF,top,FG509.ZF,0.14
jd2508.DF,top,sp2507.SF,0.14
jd2508.DF,bottom,y2601.DF,-0.05
jd2508.DF,bottom,pg2507.DF,-0.05
jd2508.DF,bottom,ru2509.SF,-0.06
jd2508.DF,bottom,l2601.DF,-0.06
jd2508.DF,bottom,CF509.ZF,-0.08
jd2508.DF,bottom,fb2510.DF,-0.08
jd2508.DF,bottom,au2508.SF,-0.09
jd2508.DF,bottom,cu2507.SF,-0.09
jd2508.DF,bottom,sc2507.INE,-0.1
jd2508.DF,bottom,CY509.ZF,-0.16
jm2509.DF,top,j2601.DF,0.79
jm2509.DF,top,hc2510.SF,0.7
jm2509.DF,top,rb2510.SF,0.69
jm2509.DF,top,FG509.ZF,0.66
jm2509.DF,top,SA509.ZF,0.66
jm2509.DF,top,v2601.DF,0.64
jm2509.DF,top,SF509.ZF,0.59
jm2509.DF,top,SM509.ZF,0.57
jm2509.DF,top,i2601.DF,0.57
jm2509.DF,top,ru2509.SF,0.55
jm2509.DF,bottom,RI507.ZF,0.0
jm2509.DF,bottom,PM507.ZF,0.0
jm2509.DF,bottom,ZC507.ZF,0.0
jm2509.DF,bottom,RS507.ZF,0.0
jm2509.DF,bottom,JR507.ZF,0.0
jm2509.DF,bottom,LR507.ZF,0.0
jm2509.DF,bottom,WH507.ZF,0.0
jm2509.DF,bottom,fb2510.DF,-0.1
jm2509.DF,bottom,bb2511.DF,-0.1
jm2509.DF,bottom,au2508.SF,-0.16
l2601.DF,top,pp2509.DF,0.89
l2601.DF,top,MA509.ZF,0.83
l2601.DF,top,PR509.ZF,0.81
l2601.DF,top,eg2509.DF,0.78
l2601.DF,top,eb2507.DF,0.76
l2601.DF,top,PF507.ZF,0.73
l2601.DF,top,TA509.ZF,0.72
l2601.DF,top,CF509.ZF,0.72
l2601.DF,top,PX509.ZF,0.72
l2601.DF,top,v2601.DF,0.7
l2601.DF,bottom,a2507.DF,0.02
l2601.DF,bottom,PM507.ZF,0.0
l2601.DF,bottom,ZC507.ZF,0.0
l2601.DF,bottom,RI507.ZF,0.0
l2601.DF,bottom,JR507.ZF,0.0
l2601.DF,bottom,LR507.ZF,0.0
l2601.DF,bottom,WH507.ZF,0.0
l2601.DF,bottom,au2508.SF,-0.06
l2601.DF,bottom,jd2508.DF,-0.06
l2601.DF,bottom,fb2510.DF,-0.15
lg2507.DF,top,i2601.DF,0.47
lg2507.DF,top,j2601.DF,0.38
lg2507.DF,top,hc2510.SF,0.34
lg2507.DF,top,rb2510.SF,0.34
lg2507.DF,top,l2601.DF,0.34
lg2507.DF,top,v2601.DF,0.33
lg2507.DF,top,jm2509.DF,0.32
lg2507.DF,top,FG509.ZF,0.31
lg2507.DF,top,eb2507.DF,0.31
lg2507.DF,top,fu2509.SF,0.29
lg2507.DF,bottom,JR507.ZF,0.0
lg2507.DF,bottom,LR507.ZF,0.0
lg2507.DF,bottom,WH507.ZF,0.0
lg2507.DF,bottom,RI507.ZF,0.0
lg2507.DF,bottom,au2508.SF,-0.01
lg2507.DF,bottom,m2601.DF,-0.03
lg2507.DF,bottom,rr2508.DF,-0.04
lg2507.DF,bottom,RM509.ZF,-0.05
lg2507.DF,bottom,bb2511.DF,-0.06
lg2507.DF,bottom,fb2510.DF,-0.21
lh2509.DF,top,m2601.DF,0.26
lh2509.DF,top,b2507.DF,0.25
lh2509.DF,top,jd2508.DF,0.21
lh2509.DF,top,RM509.ZF,0.16
lh2509.DF,top,v2601.DF,0.15
lh2509.DF,top,a2507.DF,0.15
lh2509.DF,top,sp2507.SF,0.13
lh2509.DF,top,y2601.DF,0.12
lh2509.DF,top,CJ509.ZF,0.11
lh2509.DF,top,OI509.ZF,0.1
lh2509.DF,bottom,ss2508.SF,-0.02
lh2509.DF,bottom,UR509.ZF,-0.04
lh2509.DF,bottom,wr2510.SF,-0.04
lh2509.DF,bottom,i2601.DF,-0.04
lh2509.DF,bottom,CY509.ZF,-0.04
lh2509.DF,bottom,br2507.SF,-0.05
lh2509.DF,bottom,ru2509.SF,-0.05
lh2509.DF,bottom,SM509.ZF,-0.06
lh2509.DF,bottom,PF507.ZF,-0.07
lh2509.DF,bottom,ps2507.GF,-0.07
m2601.DF,top,b2507.DF,0.87
m2601.DF,top,RM509.ZF,0.69
m2601.DF,top,a2507.DF,0.51
m2601.DF,top,OI509.ZF,0.37
m2601.DF,top,lh2509.DF,0.26
m2601.DF,top,y2601.DF,0.25
m2601.DF,top,RS507.ZF,0.23
m2601.DF,top,c2509.DF,0.21
m2601.DF,top,cs2507.DF,0.2
m2601.DF,top,ag2508.SF,0.17
m2601.DF,bottom,ss2508.SF,-0.1
m2601.DF,bottom,sc2507.INE,-0.11
m2601.DF,bottom,ru2509.SF,-0.14
m2601.DF,bottom,hc2510.SF,-0.14
m2601.DF,bottom,TA509.ZF,-0.16
m2601.DF,bottom,PX509.ZF,-0.16
m2601.DF,bottom,SH509.ZF,-0.19
m2601.DF,bottom,PF507.ZF,-0.2
m2601.DF,bottom,i2601.DF,-0.23
m2601.DF,bottom,UR509.ZF,-0.3
p2601.DF,top,y2601.DF,0.81
p2601.DF,top,fu2509.SF,0.62
p2601.DF,top,OI509.ZF,0.59
p2601.DF,top,bu2509.SF,0.59
p2601.DF,top,l2601.DF,0.55
p2601.DF,top,sc2507.INE,0.52
p2601.DF,top,PR509.ZF,0.51
p2601.DF,top,PX509.ZF,0.5
p2601.DF,top,CF509.ZF,0.49
p2601.DF,top,al2507.SF,0.49
p2601.DF,bottom,JR507.ZF,0.0
p2601.DF,bottom,wr2510.SF,0.0
p2601.DF,bottom,PM507.ZF,0.0
p2601.DF,bottom,RI507.ZF,0.0
p2601.DF,bottom,ZC507.ZF,0.0
p2601.DF,bottom,LR507.ZF,0.0
p2601.DF,bottom,WH507.ZF,0.0
p2601.DF,bottom,jd2508.DF,-0.01
p2601.DF,bottom,fb2510.DF,-0.04
p2601.DF,bottom,rr2508.DF,-0.07
pg2507.DF,top,sc2507.INE,0.64
pg2507.DF,top,fu2509.SF,0.61
pg2507.DF,top,l2601.DF,0.61
pg2507.DF,top,pp2509.DF,0.52
pg2507.DF,top,bu2509.SF,0.48
pg2507.DF,top,p2601.DF,0.46
pg2507.DF,top,PR509.ZF,0.44
pg2507.DF,top,TA509.ZF,0.43
pg2507.DF,top,MA509.ZF,0.41
pg2507.DF,top,PX509.ZF,0.41
pg2507.DF,bottom,fb2510.DF,-0.02
pg2507.DF,bottom,CJ509.ZF,-0.02
pg2507.DF,bottom,c2509.DF,-0.04
pg2507.DF,bottom,jd2508.DF,-0.05
pg2507.DF,bottom,RM509.ZF,-0.06
pg2507.DF,bottom,a2507.DF,-0.07
pg2507.DF,bottom,bb2511.DF,-0.08
pg2507.DF,bottom,SM509.ZF,-0.08
pg2507.DF,bottom,RS507.ZF,-0.1
pg2507.DF,bottom,SA509.ZF,-0.19
pp2509.DF,top,l2601.DF,0.89
pp2509.DF,top,MA509.ZF,0.81
pp2509.DF,top,v2601.DF,0.77
pp2509.DF,top,eg2509.DF,0.74
pp2509.DF,top,TA509.ZF,0.72
pp2509.DF,top,PR509.ZF,0.68
pp2509.DF,top,eb2507.DF,0.67
pp2509.DF,top,PX509.ZF,0.65
pp2509.DF,top,PF507.ZF,0.63
pp2509.DF,top,fu2509.SF,0.62
pp2509.DF,bottom,m2601.DF,0.01
pp2509.DF,bottom,PM507.ZF,0.0
pp2509.DF,bottom,ZC507.ZF,0.0
pp2509.DF,bottom,RI507.ZF,0.0
pp2509.DF,bottom,JR507.ZF,0.0
pp2509.DF,bottom,LR507.ZF,0.0
pp2509.DF,bottom,WH507.ZF,0.0
pp2509.DF,bottom,rr2508.DF,-0.04
pp2509.DF,bottom,au2508.SF,-0.07
pp2509.DF,bottom,fb2510.DF,-0.16
rr2508.DF,top,zn2507.SF,0.15
rr2508.DF,top,cu2507.SF,0.14
rr2508.DF,top,a2507.DF,0.14
rr2508.DF,top,pb2507.SF,0.12
rr2508.DF,top,ni2507.SF,0.11
rr2508.DF,top,OI509.ZF,0.1
rr2508.DF,top,ss2508.SF,0.1
rr2508.DF,top,SH509.ZF,0.09
rr2508.DF,top,cs2507.DF,0.09
rr2508.DF,top,au2508.SF,0.09
rr2508.DF,bottom,hc2510.SF,-0.01
rr2508.DF,bottom,fb2510.DF,-0.01
rr2508.DF,bottom,CY509.ZF,-0.02
rr2508.DF,bottom,v2601.DF,-0.03
rr2508.DF,bottom,CF509.ZF,-0.03
rr2508.DF,bottom,ps2507.GF,-0.03
rr2508.DF,bottom,lg2507.DF,-0.04
rr2508.DF,bottom,pp2509.DF,-0.04
rr2508.DF,bottom,p2601.DF,-0.07
rr2508.DF,bottom,bb2511.DF,-0.11
v2601.DF,top,pp2509.DF,0.77
v2601.DF,top,l2601.DF,0.7
v2601.DF,top,jm2509.DF,0.64
v2601.DF,top,MA509.ZF,0.64
v2601.DF,top,SA509.ZF,0.64
v2601.DF,top,FG509.ZF,0.63
v2601.DF,top,rb2510.SF,0.6
v2601.DF,top,hc2510.SF,0.59
v2601.DF,top,si2507.GF,0.56
v2601.DF,top,SF509.ZF,0.55
v2601.DF,bottom,ZC507.ZF,0.0
v2601.DF,bottom,a2507.DF,-0.0
v2601.DF,bottom,RI507.ZF,0.0
v2601.DF,bottom,PM507.ZF,0.0
v2601.DF,bottom,JR507.ZF,0.0
v2601.DF,bottom,LR507.ZF,0.0
v2601.DF,bottom,RM509.ZF,-0.02
v2601.DF,bottom,rr2508.DF,-0.03
v2601.DF,bottom,fb2510.DF,-0.09
v2601.DF,bottom,au2508.SF,-0.22
y2601.DF,top,p2601.DF,0.81
y2601.DF,top,OI509.ZF,0.7
y2601.DF,top,l2601.DF,0.51
y2601.DF,top,fu2509.SF,0.51
y2601.DF,top,b2507.DF,0.49
y2601.DF,top,PR509.ZF,0.48
y2601.DF,top,CF509.ZF,0.47
y2601.DF,top,PX509.ZF,0.46
y2601.DF,top,bu2509.SF,0.46
y2601.DF,top,MA509.ZF,0.46
y2601.DF,bottom,rr2508.DF,0.03
y2601.DF,bottom,wr2510.SF,0.02
y2601.DF,bottom,PM507.ZF,0.0
y2601.DF,bottom,RI507.ZF,0.0
y2601.DF,bottom,JR507.ZF,0.0
y2601.DF,bottom,LR507.ZF,0.0
y2601.DF,bottom,ZC507.ZF,0.0
y2601.DF,bottom,WH507.ZF,0.0
y2601.DF,bottom,fb2510.DF,-0.01
y2601.DF,bottom,jd2508.DF,-0.05
AP510.ZF,top,zn2507.SF,0.3
AP510.ZF,top,y2601.DF,0.24
AP510.ZF,top,OI509.ZF,0.24
AP510.ZF,top,ni2507.SF,0.22
AP510.ZF,top,cs2507.DF,0.22
AP510.ZF,top,PK510.ZF,0.22
AP510.ZF,top,CJ509.ZF,0.21
AP510.ZF,top,a2507.DF,0.21
AP510.ZF,top,rb2510.SF,0.2
AP510.ZF,top,SA509.ZF,0.2
AP510.ZF,bottom,JR507.ZF,0.0
AP510.ZF,bottom,LR507.ZF,0.0
AP510.ZF,bottom,SM509.ZF,-0.0
AP510.ZF,bottom,RI507.ZF,0.0
AP510.ZF,bottom,ZC507.ZF,0.0
AP510.ZF,bottom,WH507.ZF,0.0
AP510.ZF,bottom,wr2510.SF,-0.01
AP510.ZF,bottom,m2601.DF,-0.07
AP510.ZF,bottom,bb2511.DF,-0.14
AP510.ZF,bottom,fb2510.DF,-0.15
CF509.ZF,top,l2601.DF,0.72
CF509.ZF,top,CY509.ZF,0.61
CF509.ZF,top,cu2507.SF,0.54
CF509.ZF,top,al2507.SF,0.54
CF509.ZF,top,pp2509.DF,0.53
CF509.ZF,top,TA509.ZF,0.53
CF509.ZF,top,v2601.DF,0.52
CF509.ZF,top,eg2509.DF,0.52
CF509.ZF,top,MA509.ZF,0.51
CF509.ZF,top,eb2507.DF,0.5
CF509.ZF,bottom,JR507.ZF,0.0
CF509.ZF,bottom,PM507.ZF,0.0
CF509.ZF,bottom,WH507.ZF,0.0
CF509.ZF,bottom,RI507.ZF,0.0
CF509.ZF,bottom,LR507.ZF,0.0
CF509.ZF,bottom,m2601.DF,-0.01
CF509.ZF,bottom,rr2508.DF,-0.03
CF509.ZF,bottom,au2508.SF,-0.05
CF509.ZF,bottom,jd2508.DF,-0.08
CF509.ZF,bottom,fb2510.DF,-0.22
CJ509.ZF,top,v2601.DF,0.52
CJ509.ZF,top,FG509.ZF,0.45
CJ509.ZF,top,jm2509.DF,0.44
CJ509.ZF,top,SA509.ZF,0.44
CJ509.ZF,top,SM509.ZF,0.38
CJ509.ZF,top,j2601.DF,0.38
CJ509.ZF,top,ru2509.SF,0.37
CJ509.ZF,top,CF509.ZF,0.36
CJ509.ZF,top,l2601.DF,0.35
CJ509.ZF,top,rb2510.SF,0.34
CJ509.ZF,bottom,JR507.ZF,0.0
CJ509.ZF,bottom,LR507.ZF,0.0
CJ509.ZF,bottom,WH507.ZF,0.0
CJ509.ZF,bottom,m2601.DF,-0.01
CJ509.ZF,bottom,wr2510.SF,-0.02
CJ509.ZF,bottom,pg2507.DF,-0.02
CJ509.ZF,bottom,sc2507.INE,-0.04
CJ509.ZF,bottom,fb2510.DF,-0.1
CJ509.ZF,bottom,bb2511.DF,-0.12
CJ509.ZF,bottom,au2508.SF,-0.13
CY509.ZF,top,l2601.DF,0.69
CY509.ZF,top,CF509.ZF,0.61
CY509.ZF,top,eb2507.DF,0.55
CY509.ZF,top,PX509.ZF,0.52
CY509.ZF,top,PR509.ZF,0.51
CY509.ZF,top,eg2509.DF,0.5
CY509.ZF,top,PF507.ZF,0.5
CY509.ZF,top,i2601.DF,0.48
CY509.ZF,top,TA509.ZF,0.47
CY509.ZF,top,v2601.DF,0.47
CY509.ZF,bottom,LR507.ZF,0.0
CY509.ZF,bottom,rr2508.DF,-0.02
CY509.ZF,bottom,RM509.ZF,-0.03
CY509.ZF,bottom,au2508.SF,-0.04
CY509.ZF,bottom,lh2509.DF,-0.04
CY509.ZF,bottom,a2507.DF,-0.05
CY509.ZF,bottom,m2601.DF,-0.06
CY509.ZF,bottom,wr2510.SF,-0.06
CY509.ZF,bottom,jd2508.DF,-0.16
CY509.ZF,bottom,fb2510.DF,-0.18
FG509.ZF,top,SA509.ZF,0.8
FG509.ZF,top,jm2509.DF,0.66
FG509.ZF,top,rb2510.SF,0.64
FG509.ZF,top,v2601.DF,0.63
FG509.ZF,top,hc2510.SF,0.62
FG509.ZF,top,j2601.DF,0.54
FG509.ZF,top,i2601.DF,0.53
FG509.ZF,top,SM509.ZF,0.49
FG509.ZF,top,SF509.ZF,0.47
FG509.ZF,top,CJ509.ZF,0.45
FG509.ZF,bottom,LR507.ZF,0.0
FG509.ZF,bottom,JR507.ZF,0.0
FG509.ZF,bottom,RI507.ZF,0.0
FG509.ZF,bottom,WH507.ZF,0.0
FG509.ZF,bottom,sc2507.INE,-0.03
FG509.ZF,bottom,RS507.ZF,-0.03
FG509.ZF,bottom,wr2510.SF,-0.08
FG509.ZF,bottom,au2508.SF,-0.09
FG509.ZF,bottom,bb2511.DF,-0.13
FG509.ZF,bottom,fb2510.DF,-0.16
JR507.ZF,top,ag2508.SF,0.0
JR507.ZF,top,al2507.SF,0.0
JR507.ZF,top,ao2509.SF,0.0
JR507.ZF,top,au2508.SF,0.0
JR507.ZF,top,br2507.SF,0.0
JR507.ZF,top,bu2509.SF,0.0
JR507.ZF,top,cu2507.SF,0.0
JR507.ZF,top,fu2509.SF,0.0
JR507.ZF,top,hc2510.SF,0.0
JR507.ZF,top,ni2507.SF,0.0
JR507.ZF,bottom,SM509.ZF,0.0
JR507.ZF,bottom,SR509.ZF,0.0
JR507.ZF,bottom,TA509.ZF,0.0
JR507.ZF,bottom,UR509.ZF,0.0
JR507.ZF,bottom,WH507.ZF,0.0
JR507.ZF,bottom,ZC507.ZF,0.0
JR507.ZF,bottom,lc2507.GF,0.0
JR507.ZF,bottom,ps2507.GF,0.0
JR507.ZF,bottom,si2507.GF,0.0
JR507.ZF,bottom,sc2507.INE,0.0
LR507.ZF,top,ag2508.SF,0.0
LR507.ZF,top,al2507.SF,0.0
LR507.ZF,top,ao2509.SF,0.0
LR507.ZF,top,au2508.SF,0.0
LR507.ZF,top,br2507.SF,0.0
LR507.ZF,top,bu2509.SF,0.0
LR507.ZF,top,cu2507.SF,0.0
LR507.ZF,top,fu2509.SF,0.0
LR507.ZF,top,hc2510.SF,0.0
LR507.ZF,top,ni2507.SF,0.0
LR507.ZF,bottom,SM509.ZF,0.0
LR507.ZF,bottom,SR509.ZF,0.0
LR507.ZF,bottom,TA509.ZF,0.0
LR507.ZF,bottom,UR509.ZF,0.0
LR507.ZF,bottom,WH507.ZF,0.0
LR507.ZF,bottom,ZC507.ZF,0.0
LR507.ZF,bottom,lc2507.GF,0.0
LR507.ZF,bottom,ps2507.GF,0.0
LR507.ZF,bottom,si2507.GF,0.0
LR507.ZF,bottom,sc2507.INE,0.0
MA509.ZF,top,l2601.DF,0.83
MA509.ZF,top,pp2509.DF,0.81
MA509.ZF,top,eg2509.DF,0.72
MA509.ZF,top,v2601.DF,0.64
MA509.ZF,top,PR509.ZF,0.64
MA509.ZF,top,TA509.ZF,0.63
MA509.ZF,top,eb2507.DF,0.62
MA509.ZF,top,PX509.ZF,0.59
MA509.ZF,top,PF507.ZF,0.58
MA509.ZF,top,bu2509.SF,0.55
MA509.ZF,bottom,rr2508.DF,0.01
MA509.ZF,bottom,au2508.SF,-0.0
MA509.ZF,bottom,PM507.ZF,0.0
MA509.ZF,bottom,RI507.ZF,0.0
MA509.ZF,bottom,LR507.ZF,0.0
MA509.ZF,bottom,JR507.ZF,0.0
MA509.ZF,bottom,ZC507.ZF,0.0
MA509.ZF,bottom,WH507.ZF,0.0
MA509.ZF,bottom,wr2510.SF,-0.01
MA509.ZF,bottom,fb2510.DF,-0.13
OI509.ZF,top,y2601.DF,0.7
OI509.ZF,top,p2601.DF,0.59
OI509.ZF,top,b2507.DF,0.53
OI509.ZF,top,RM509.ZF,0.4
OI509.ZF,top,RS507.ZF,0.38
OI509.ZF,top,m2601.DF,0.37
OI509.ZF,top,l2601.DF,0.35
OI509.ZF,top,PK510.ZF,0.32
OI509.ZF,top,CF509.ZF,0.29
OI509.ZF,top,a2507.DF,0.27
OI509.ZF,bottom,SA509.ZF,0.03
OI509.ZF,bottom,fb2510.DF,0.03
OI509.ZF,bottom,PM507.ZF,0.0
OI509.ZF,bottom,JR507.ZF,0.0
OI509.ZF,bottom,LR507.ZF,0.0
OI509.ZF,bottom,FG509.ZF,-0.0
OI509.ZF,bottom,ZC507.ZF,0.0
OI509.ZF,bottom,RI507.ZF,0.0
OI509.ZF,bottom,WH507.ZF,0.0
OI509.ZF,bottom,j2601.DF,-0.03
PF507.ZF,top,PR509.ZF,0.81
PF507.ZF,top,PX509.ZF,0.81
PF507.ZF,top,TA509.ZF,0.78
PF507.ZF,top,eg2509.DF,0.76
PF507.ZF,top,l2601.DF,0.73
PF507.ZF,top,pp2509.DF,0.63
PF507.ZF,top,eb2507.DF,0.62
PF507.ZF,top,i2601.DF,0.59
PF507.ZF,top,MA509.ZF,0.58
PF507.ZF,top,bu2509.SF,0.52
PF507.ZF,bottom,LR507.ZF,0.0
PF507.ZF,bottom,rr2508.DF,-0.0
PF507.ZF,bottom,RI507.ZF,0.0
PF507.ZF,bottom,jd2508.DF,-0.01
PF507.ZF,bottom,RM509.ZF,-0.01
PF507.ZF,bottom,au2508.SF,-0.06
PF507.ZF,bottom,lh2509.DF,-0.07
PF507.ZF,bottom,wr2510.SF,-0.11
PF507.ZF,bottom,fb2510.DF,-0.16
PF507.ZF,bottom,m2601.DF,-0.2
PK510.ZF,top,p2601.DF,0.47
PK510.ZF,top,CF509.ZF,0.4
PK510.ZF,top,y2601.DF,0.36
PK510.ZF,top,l2601.DF,0.32
PK510.ZF,top,OI509.ZF,0.32
PK510.ZF,top,a2507.DF,0.3
PK510.ZF,top,sp2507.SF,0.29
PK510.ZF,top,PR509.ZF,0.28
PK510.ZF,top,TA509.ZF,0.28
PK510.ZF,top,fu2509.SF,0.28
PK510.ZF,bottom,jd2508.DF,0.01
PK510.ZF,bottom,PM507.ZF,0.0
PK510.ZF,bottom,ZC507.ZF,0.0
PK510.ZF,bottom,RI507.ZF,0.0
PK510.ZF,bottom,LR507.ZF,0.0
PK510.ZF,bottom,JR507.ZF,0.0
PK510.ZF,bottom,WH507.ZF,0.0
PK510.ZF,bottom,au2508.SF,-0.05
PK510.ZF,bottom,fb2510.DF,-0.06
PK510.ZF,bottom,bb2511.DF,-0.11
PM507.ZF,top,ag2508.SF,0.0
PM507.ZF,top,al2507.SF,0.0
PM507.ZF,top,ao2509.SF,0.0
PM507.ZF,top,au2508.SF,0.0
PM507.ZF,top,br2507.SF,0.0
PM507.ZF,top,bu2509.SF,0.0
PM507.ZF,top,cu2507.SF,0.0
PM507.ZF,top,fu2509.SF,0.0
PM507.ZF,top,hc2510.SF,0.0
PM507.ZF,top,ni2507.SF,0.0
PM507.ZF,bottom,SM509.ZF,0.0
PM507.ZF,bottom,SR509.ZF,0.0
PM507.ZF,bottom,TA509.ZF,0.0
PM507.ZF,bottom,UR509.ZF,0.0
PM507.ZF,bottom,WH507.ZF,0.0
PM507.ZF,bottom,ZC507.ZF,0.0
PM507.ZF,bottom,lc2507.GF,0.0
PM507.ZF,bottom,ps2507.GF,0.0
PM507.ZF,bottom,si2507.GF,0.0
PM507.ZF,bottom,sc2507.INE,0.0
PR509.ZF,top,PX509.ZF,0.84
PR509.ZF,top,TA509.ZF,0.82
PR509.ZF,top,l2601.DF,0.81
PR509.ZF,top,PF507.ZF,0.81
PR509.ZF,top,eg2509.DF,0.78
PR509.ZF,top,eb2507.DF,0.73
PR509.ZF,top,pp2509.DF,0.68
PR509.ZF,top,MA509.ZF,0.64
PR509.ZF,top,bu2509.SF,0.62
PR509.ZF,top,fu2509.SF,0.62
PR509.ZF,bottom,LR507.ZF,0.0
PR509.ZF,bottom,lh2509.DF,-0.0
PR509.ZF,bottom,PM507.ZF,0.0
PR509.ZF,bottom,RI507.ZF,0.0
PR509.ZF,bottom,ZC507.ZF,0.0
PR509.ZF,bottom,JR507.ZF,0.0
PR509.ZF,bottom,WH507.ZF,0.0
PR509.ZF,bottom,wr2510.SF,-0.07
PR509.ZF,bottom,m2601.DF,-0.08
PR509.ZF,bottom,fb2510.DF,-0.17
PX509.ZF,top,TA509.ZF,0.91
PX509.ZF,top,PR509.ZF,0.84
PX509.ZF,top,PF507.ZF,0.81
PX509.ZF,top,eg2509.DF,0.73
PX509.ZF,top,l2601.DF,0.72
PX509.ZF,top,eb2507.DF,0.69
PX509.ZF,top,pp2509.DF,0.65
PX509.ZF,top,fu2509.SF,0.63
PX509.ZF,top,bu2509.SF,0.62
PX509.ZF,top,sc2507.INE,0.59
PX509.ZF,bottom,LR507.ZF,0.0
PX509.ZF,bottom,JR507.ZF,0.0
PX509.ZF,bottom,RI507.ZF,0.0
PX509.ZF,bottom,au2508.SF,-0.01
PX509.ZF,bottom,lh2509.DF,-0.01
PX509.ZF,bottom,RM509.ZF,-0.02
PX509.ZF,bottom,a2507.DF,-0.04
PX509.ZF,bottom,wr2510.SF,-0.11
PX509.ZF,bottom,m2601.DF,-0.16
PX509.ZF,bottom,fb2510.DF,-0.16
RI507.ZF,top,ag2508.SF,0.0
RI507.ZF,top,al2507.SF,0.0
RI507.ZF,top,ao2509.SF,0.0
RI507.ZF,top,au2508.SF,0.0
RI507.ZF,top,br2507.SF,0.0
RI507.ZF,top,bu2509.SF,0.0
RI507.ZF,top,cu2507.SF,0.0
RI507.ZF,top,fu2509.SF,0.0
RI507.ZF,top,hc2510.SF,0.0
RI507.ZF,top,ni2507.SF,0.0
RI507.ZF,bottom,SM509.ZF,0.0
RI507.ZF,bottom,SR509.ZF,0.0
RI507.ZF,bottom,TA509.ZF,0.0
RI507.ZF,bottom,UR509.ZF,0.0
RI507.ZF,bottom,WH507.ZF,0.0
RI507.ZF,bottom,ZC507.ZF,0.0
RI507.ZF,bottom,lc2507.GF,0.0
RI507.ZF,bottom,ps2507.GF,0.0
RI507.ZF,bottom,si2507.GF,0.0
RI507.ZF,bottom,sc2507.INE,0.0
RM509.ZF,top,b2507.DF,0.72
RM509.ZF,top,m2601.DF,0.69
RM509.ZF,top,a2507.DF,0.48
RM509.ZF,top,OI509.ZF,0.4
RM509.ZF,top,c2509.DF,0.36
RM509.ZF,top,cs2507.DF,0.33
RM509.ZF,top,RS507.ZF,0.32
RM509.ZF,top,lc2507.GF,0.23
RM509.ZF,top,PK510.ZF,0.21
RM509.ZF,top,SA509.ZF,0.2
RM509.ZF,bottom,v2601.DF,-0.02
RM509.ZF,bottom,CY509.ZF,-0.03
RM509.ZF,bottom,j2601.DF,-0.04
RM509.ZF,bottom,sn2507.SF,-0.04
RM509.ZF,bottom,lg2507.DF,-0.05
RM509.ZF,bottom,UR509.ZF,-0.06
RM509.ZF,bottom,pg2507.DF,-0.06
RM509.ZF,bottom,sc2507.INE,-0.07
RM509.ZF,bottom,ao2509.SF,-0.08
RM509.ZF,bottom,i2601.DF,-0.13
RS507.ZF,top,OI509.ZF,0.38
RS507.ZF,top,RM509.ZF,0.32
RS507.ZF,top,y2601.DF,0.3
RS507.ZF,top,b2507.DF,0.28
RS507.ZF,top,m2601.DF,0.23
RS507.ZF,top,p2601.DF,0.22
RS507.ZF,top,PK510.ZF,0.18
RS507.ZF,top,AP510.ZF,0.18
RS507.ZF,top,l2601.DF,0.16
RS507.ZF,top,a2507.DF,0.16
RS507.ZF,bottom,JR507.ZF,0.0
RS507.ZF,bottom,br2507.SF,-0.01
RS507.ZF,bottom,rb2510.SF,-0.01
RS507.ZF,bottom,hc2510.SF,-0.01
RS507.ZF,bottom,jd2508.DF,-0.01
RS507.ZF,bottom,sn2507.SF,-0.02
RS507.ZF,bottom,FG509.ZF,-0.03
RS507.ZF,bottom,j2601.DF,-0.03
RS507.ZF,bottom,SF509.ZF,-0.03
RS507.ZF,bottom,pg2507.DF,-0.1
SA509.ZF,top,FG509.ZF,0.8
SA509.ZF,top,jm2509.DF,0.66
SA509.ZF,top,j2601.DF,0.66
SA509.ZF,top,v2601.DF,0.64
SA509.ZF,top,hc2510.SF,0.63
SA509.ZF,top,rb2510.SF,0.62
SA509.ZF,top,i2601.DF,0.53
SA509.ZF,top,SM509.ZF,0.53
SA509.ZF,top,ru2509.SF,0.52
SA509.ZF,top,lc2507.GF,0.49
SA509.ZF,bottom,LR507.ZF,0.0
SA509.ZF,bottom,JR507.ZF,0.0
SA509.ZF,bottom,WH507.ZF,0.0
SA509.ZF,bottom,sn2507.SF,-0.03
SA509.ZF,bottom,bb2511.DF,-0.05
SA509.ZF,bottom,fu2509.SF,-0.07
SA509.ZF,bottom,fb2510.DF,-0.07
SA509.ZF,bottom,sc2507.INE,-0.13
SA509.ZF,bottom,au2508.SF,-0.17
SA509.ZF,bottom,pg2507.DF,-0.19
SF509.ZF,top,SM509.ZF,0.7
SF509.ZF,top,jm2509.DF,0.59
SF509.ZF,top,v2601.DF,0.55
SF509.ZF,top,hc2510.SF,0.52
SF509.ZF,top,pp2509.DF,0.5
SF509.ZF,top,l2601.DF,0.5
SF509.ZF,top,rb2510.SF,0.5
SF509.ZF,top,j2601.DF,0.48
SF509.ZF,top,FG509.ZF,0.47
SF509.ZF,top,MA509.ZF,0.47
SF509.ZF,bottom,ZC507.ZF,0.0
SF509.ZF,bottom,ag2508.SF,0.0
SF509.ZF,bottom,WH507.ZF,0.0
SF509.ZF,bottom,PM507.ZF,0.0
SF509.ZF,bottom,LR507.ZF,0.0
SF509.ZF,bottom,JR507.ZF,0.0
SF509.ZF,bottom,RI507.ZF,0.0
SF509.ZF,bottom,RS507.ZF,-0.03
SF509.ZF,bottom,fb2510.DF,-0.08
SF509.ZF,bottom,au2508.SF,-0.18
SH509.ZF,top,i2601.DF,0.39
SH509.ZF,top,SA509.ZF,0.36
SH509.ZF,top,v2601.DF,0.35
SH509.ZF,top,jm2509.DF,0.35
SH509.ZF,top,PR509.ZF,0.34
SH509.ZF,top,ru2509.SF,0.34
SH509.ZF,top,TA509.ZF,0.34
SH509.ZF,top,eg2509.DF,0.34
SH509.ZF,top,sp2507.SF,0.33
SH509.ZF,top,SM509.ZF,0.33
SH509.ZF,bottom,PM507.ZF,0.0
SH509.ZF,bottom,LR507.ZF,0.0
SH509.ZF,bottom,WH507.ZF,0.0
SH509.ZF,bottom,RI507.ZF,0.0
SH509.ZF,bottom,ZC507.ZF,0.0
SH509.ZF,bottom,JR507.ZF,0.0
SH509.ZF,bottom,wr2510.SF,-0.01
SH509.ZF,bottom,au2508.SF,-0.12
SH509.ZF,bottom,m2601.DF,-0.19
SH509.ZF,bottom,fb2510.DF,-0.24
SM509.ZF,top,SF509.ZF,0.7
SM509.ZF,top,jm2509.DF,0.57
SM509.ZF,top,hc2510.SF,0.54
SM509.ZF,top,rb2510.SF,0.53
SM509.ZF,top,SA509.ZF,0.53
SM509.ZF,top,FG509.ZF,0.49
SM509.ZF,top,j2601.DF,0.43
SM509.ZF,top,ps2507.GF,0.41
SM509.ZF,top,lc2507.GF,0.41
SM509.ZF,top,i2601.DF,0.4
SM509.ZF,bottom,LR507.ZF,0.0
SM509.ZF,bottom,AP510.ZF,-0.0
SM509.ZF,bottom,ZC507.ZF,0.0
SM509.ZF,bottom,WH507.ZF,0.0
SM509.ZF,bottom,fb2510.DF,-0.02
SM509.ZF,bottom,lh2509.DF,-0.06
SM509.ZF,bottom,pg2507.DF,-0.08
SM509.ZF,bottom,m2601.DF,-0.08
SM509.ZF,bottom,sc2507.INE,-0.08
SM509.ZF,bottom,au2508.SF,-0.17
SR509.ZF,top,l2601.DF,0.47
SR509.ZF,top,i2601.DF,0.44
SR509.ZF,top,CF509.ZF,0.43
SR509.ZF,top,p2601.DF,0.39
SR509.ZF,top,pp2509.DF,0.36
SR509.ZF,top,MA509.ZF,0.36
SR509.ZF,top,zn2507.SF,0.36
SR509.ZF,top,cu2507.SF,0.36
SR509.ZF,top,fu2509.SF,0.35
SR509.ZF,top,bu2509.SF,0.35
SR509.ZF,bottom,PM507.ZF,0.0
SR509.ZF,bottom,LR507.ZF,0.0
SR509.ZF,bottom,WH507.ZF,0.0
SR509.ZF,bottom,RI507.ZF,0.0
SR509.ZF,bottom,ZC507.ZF,0.0
SR509.ZF,bottom,JR507.ZF,0.0
SR509.ZF,bottom,jd2508.DF,-0.02
SR509.ZF,bottom,ao2509.SF,-0.06
SR509.ZF,bottom,wr2510.SF,-0.12
SR509.ZF,bottom,fb2510.DF,-0.15
TA509.ZF,top,PX509.ZF,0.91
TA509.ZF,top,PR509.ZF,0.82
TA509.ZF,top,PF507.ZF,0.78
TA509.ZF,top,eg2509.DF,0.74
TA509.ZF,top,pp2509.DF,0.72
TA509.ZF,top,l2601.DF,0.72
TA509.ZF,top,eb2507.DF,0.68
TA509.ZF,top,fu2509.SF,0.67
TA509.ZF,top,bu2509.SF,0.67
TA509.ZF,top,MA509.ZF,0.63
TA509.ZF,bottom,LR507.ZF,0.0
TA509.ZF,bottom,JR507.ZF,0.0
TA509.ZF,bottom,WH507.ZF,0.0
TA509.ZF,bottom,RS507.ZF,0.0
TA509.ZF,bottom,a2507.DF,-0.01
TA509.ZF,bottom,lh2509.DF,-0.02
TA509.ZF,bottom,au2508.SF,-0.03
TA509.ZF,bottom,wr2510.SF,-0.05
TA509.ZF,bottom,m2601.DF,-0.16
TA509.ZF,bottom,fb2510.DF,-0.16
UR509.ZF,top,jm2509.DF,0.35
UR509.ZF,top,SA509.ZF,0.34
UR509.ZF,top,ru2509.SF,0.33
UR509.ZF,top,hc2510.SF,0.33
UR509.ZF,top,FG509.ZF,0.33
UR509.ZF,top,rb2510.SF,0.31
UR509.ZF,top,zn2507.SF,0.29
UR509.ZF,top,TA509.ZF,0.29
UR509.ZF,top,ss2508.SF,0.28
UR509.ZF,top,pp2509.DF,0.27
UR509.ZF,bottom,LR507.ZF,0.0
UR509.ZF,bottom,JR507.ZF,0.0
UR509.ZF,bottom,WH507.ZF,0.0
UR509.ZF,bottom,sn2507.SF,-0.03
UR509.ZF,bottom,b2507.DF,-0.03
UR509.ZF,bottom,lh2509.DF,-0.04
UR509.ZF,bottom,RM509.ZF,-0.06
UR509.ZF,bottom,bb2511.DF,-0.12
UR509.ZF,bottom,fb2510.DF,-0.18
UR509.ZF,bottom,m2601.DF,-0.3
WH507.ZF,top,ag2508.SF,0.0
WH507.ZF,top,al2507.SF,0.0
WH507.ZF,top,ao2509.SF,0.0
WH507.ZF,top,au2508.SF,0.0
WH507.ZF,top,br2507.SF,0.0
WH507.ZF,top,bu2509.SF,0.0
WH507.ZF,top,cu2507.SF,0.0
WH507.ZF,top,fu2509.SF,0.0
WH507.ZF,top,hc2510.SF,0.0
WH507.ZF,top,ni2507.SF,0.0
WH507.ZF,bottom,SH509.ZF,0.0
WH507.ZF,bottom,SM509.ZF,0.0
WH507.ZF,bottom,SR509.ZF,0.0
WH507.ZF,bottom,TA509.ZF,0.0
WH507.ZF,bottom,UR509.ZF,0.0
WH507.ZF,bottom,ZC507.ZF,0.0
WH507.ZF,bottom,lc2507.GF,0.0
WH507.ZF,bottom,ps2507.GF,0.0
WH507.ZF,bottom,si2507.GF,0.0
WH507.ZF,bottom,sc2507.INE,0.0
ZC507.ZF,top,ag2508.SF,0.0
ZC507.ZF,top,al2507.SF,0.0
ZC507.ZF,top,ao2509.SF,0.0
ZC507.ZF,top,au2508.SF,0.0
ZC507.ZF,top,br2507.SF,0.0
ZC507.ZF,top,bu2509.SF,0.0
ZC507.ZF,top,cu2507.SF,0.0
ZC507.ZF,top,fu2509.SF,0.0
ZC507.ZF,top,hc2510.SF,0.0
ZC507.ZF,top,ni2507.SF,0.0
ZC507.ZF,bottom,SH509.ZF,0.0
ZC507.ZF,bottom,SM509.ZF,0.0
ZC507.ZF,bottom,SR509.ZF,0.0
ZC507.ZF,bottom,TA509.ZF,0.0
ZC507.ZF,bottom,UR509.ZF,0.0
ZC507.ZF,bottom,WH507.ZF,0.0
ZC507.ZF,bottom,lc2507.GF,0.0
ZC507.ZF,bottom,ps2507.GF,0.0
ZC507.ZF,bottom,si2507.GF,0.0
ZC507.ZF,bottom,sc2507.INE,0.0
lc2507.GF,top,SA509.ZF,0.49
lc2507.GF,top,v2601.DF,0.48
lc2507.GF,top,si2507.GF,0.48
lc2507.GF,top,j2601.DF,0.46
lc2507.GF,top,ps2507.GF,0.45
lc2507.GF,top,jm2509.DF,0.45
lc2507.GF,top,FG509.ZF,0.44
lc2507.GF,top,rb2510.SF,0.42
lc2507.GF,top,SM509.ZF,0.41
lc2507.GF,top,hc2510.SF,0.41
lc2507.GF,bottom,LR507.ZF,0.0
lc2507.GF,bottom,PM507.ZF,0.0
lc2507.GF,bottom,ZC507.ZF,0.0
lc2507.GF,bottom,WH507.ZF,0.0
lc2507.GF,bottom,JR507.ZF,0.0
lc2507.GF,bottom,lh2509.DF,-0.01
lc2507.GF,bottom,pg2507.DF,-0.01
lc2507.GF,bottom,fb2510.DF,-0.03
lc2507.GF,bottom,au2508.SF,-0.07
lc2507.GF,bottom,sc2507.INE,-0.07
ps2507.GF,top,si2507.GF,0.54
ps2507.GF,top,hc2510.SF,0.47
ps2507.GF,top,rb2510.SF,0.47
ps2507.GF,top,br2507.SF,0.46
ps2507.GF,top,SA509.ZF,0.45
ps2507.GF,top,lc2507.GF,0.45
ps2507.GF,top,jm2509.DF,0.42
ps2507.GF,top,SM509.ZF,0.41
ps2507.GF,top,i2601.DF,0.41
ps2507.GF,top,j2601.DF,0.4
ps2507.GF,bottom,bu2509.SF,-0.0
ps2507.GF,bottom,JR507.ZF,0.0
ps2507.GF,bottom,sc2507.INE,-0.0
ps2507.GF,bottom,RS507.ZF,0.0
ps2507.GF,bottom,LR507.ZF,0.0
ps2507.GF,bottom,rr2508.DF,-0.03
ps2507.GF,bottom,ag2508.SF,-0.06
ps2507.GF,bottom,lh2509.DF,-0.07
ps2507.GF,bottom,fb2510.DF,-0.21
ps2507.GF,bottom,au2508.SF,-0.31
si2507.GF,top,v2601.DF,0.56
si2507.GF,top,ps2507.GF,0.54
si2507.GF,top,j2601.DF,0.53
si2507.GF,top,lc2507.GF,0.48
si2507.GF,top,hc2510.SF,0.46
si2507.GF,top,rb2510.SF,0.45
si2507.GF,top,SF509.ZF,0.44
si2507.GF,top,l2601.DF,0.44
si2507.GF,top,jm2509.DF,0.43
si2507.GF,top,FG509.ZF,0.38
si2507.GF,bottom,rr2508.DF,0.04
si2507.GF,bottom,sc2507.INE,0.03
si2507.GF,bottom,WH507.ZF,0.0
si2507.GF,bottom,PM507.ZF,0.0
si2507.GF,bottom,LR507.ZF,0.0
si2507.GF,bottom,JR507.ZF,0.0
si2507.GF,bottom,ZC507.ZF,0.0
si2507.GF,bottom,RI507.ZF,0.0
si2507.GF,bottom,au2508.SF,-0.05
si2507.GF,bottom,fb2510.DF,-0.06
sc2507.INE,top,fu2509.SF,0.81
sc2507.INE,top,bu2509.SF,0.65
sc2507.INE,top,pg2507.DF,0.64
sc2507.INE,top,l2601.DF,0.62
sc2507.INE,top,PR509.ZF,0.6
sc2507.INE,top,PX509.ZF,0.59
sc2507.INE,top,TA509.ZF,0.57
sc2507.INE,top,p2601.DF,0.52
sc2507.INE,top,pp2509.DF,0.5
sc2507.INE,top,eb2507.DF,0.45
sc2507.INE,bottom,a2507.DF,-0.06
sc2507.INE,bottom,wr2510.SF,-0.07
sc2507.INE,bottom,RM509.ZF,-0.07
sc2507.INE,bottom,lc2507.GF,-0.07
sc2507.INE,bottom,c2509.DF,-0.07
sc2507.INE,bottom,SM509.ZF,-0.08
sc2507.INE,bottom,jd2508.DF,-0.1
sc2507.INE,bottom,fb2510.DF,-0.11
sc2507.INE,bottom,m2601.DF,-0.11
sc2507.INE,bottom,SA509.ZF,-0.13
